,Protein_id,Position,Ref,Variant,Effect
0,NP_077719.2,2408,L,H,Benign
1,NP_077719.2,2359,P,A,Benign
2,NP_077719.2,2160,Y,C,Benign
3,NP_077719.2,2157,P,T,Benign
4,NP_077719.2,2075,V,M,Benign
5,NP_077719.2,2042,M,T,Pathogenic
6,NP_077719.2,2032,H,N,Benign
7,NP_077719.2,1882,H,Y,Pathogenic
8,NP_077719.2,1741,S,L,Pathogenic
9,NP_077719.2,1689,I,F,Benign
10,NP_077719.2,1667,V,F,Benign
11,NP_077719.2,1667,V,I,Benign
12,NP_077719.2,1413,L,H,Benign
13,NP_077719.2,1327,D,G,Benign
14,NP_077719.2,1260,R,H,Benign
15,NP_077719.2,1251,R,H,Benign
16,NP_077719.2,1209,F,V,Benign
17,NP_077719.2,1160,H,R,Benign
18,NP_077719.2,862,A,V,Benign
19,NP_077719.2,681,I,N,Benign
20,NP_077719.2,514,N,S,Benign
21,NP_077719.2,466,Q,K,Benign
22,NP_077719.2,444,C,Y,Pathogenic
23,NP_077719.2,439,A,T,Benign
24,NP_077719.2,415,D,N,Pathogenic
25,NP_077719.2,404,P,L,Pathogenic
26,NP_077719.2,91,R,L,Benign
27,NP_077719.2,46,N,S,Benign
28,NP_077719.2,38,E,K,Benign
29,NP_077719.2,21,A,T,Benign
30,NP_077719.2,19,C,W,Benign
31,NP_077719.2,3,A,S,Benign
32,NP_077719.2,1,M,I,Benign
